<?xml version="1.0" encoding="UTF-8"?>
<beans
	xmlns="http://www.springframework.org/schema/beans"
	xmlns:xsi="http://www.w3.org/2001/XMLSchema-instance"
	xmlns:context="http://www.springframework.org/schema/context"
	xmlns:aop="http://www.springframework.org/schema/aop"
	xsi:schemaLocation="http://www.springframework.org/schema/beans 
	http://www.springframework.org/schema/beans/spring-beans-4.0.xsd
	http://www.springframework.org/schema/context
	http://www.springframework.org/schema/context/spring-context-4.0.xsd
	http://www.springframework.org/schema/aop
	http://www.springframework.org/schema/aop/spring-aop-4.0.xsd"
	>  
    <!-- default-init-method="objectInitialized" -->
  
  <aop:aspectj-autoproxy/> 
     
  <bean id="EmployeeTemplate" class="com.spring.pojo.Employee" abstract="true">
      <property name="id" value="1"></property>
  </bean>      
  <bean id="emp1" class="com.spring.pojo.Employee" parent="EmployeeTemplate" autowire="byName">
    <property name="name" value="nandha"></property>
    <!-- <constructor-arg value="nandha"></constructor-arg> -->
  </bean>
  <bean id="address" class="com.spring.pojo.Address1">
    <property name="city" value="coimbatore"></property>
  </bean>
  
  <bean name="dataSource" class="org.springframework.jdbc.datasource.DriverManagerDataSource">
     <property name="driverClassName" value="com.microsoft.sqlserver.jdbc.SQLServerDriver"></property>
     <property name="url" value="jdbc:sqlserver://localhost:1433;databaseName=MYFTR"></property>
     <property name="username" value="sa"></property>
     <property name="password" value="exterro-123"></property>  
   </bean>
    
   <bean name="loggingAspect" class="com.spring.aspect.LoggingAspect"></bean>
  
    <!-- <context:component-scan base-package="com.spring.pojo"></context:component-scan> -->
    <context:component-scan base-package="com.spring.jdbc"></context:component-scan>
    <context:annotation-config/>
    
    <!-- <bean class="com.spring.main.MyBeanPostProcesser"/> --> 
    
</beans>