<?xml version="1.0" encoding="utf-8"?>
<!DOCTYPE hibernate-configuration SYSTEM 
"http://www.hibernate.org/dtd/hibernate-configuration-3.0.dtd">

<hibernate-configuration>
   <session-factory>
   <property name="hibernate.dialect">org.hibernate.dialect.MySQLDialect</property>
   <property name="hibernate.connection.driver_class">com.mysql.jdbc.Driver</property>
   <property name="hibernate.connection.url">jdbc:mysql://localhost/company</property>
   <property name="hibernate.connection.username">root</property>
   <property name="hibernate.connection.password"></property>
   <property name="hibernate.hbm2ddl.auto">update</property>
   <property name="hibernate.cache.use_second_level_cache">true</property>
   <property name="hibernate.cache.region.factory_class">org.hibernate.cache.ehcache.EhCacheRegionFactory</property>
   <property name="show_sql">true</property>
</session-factory>
</hibernate-configuration>
