<?xml version="1.0" encoding="UTF-8"?>
<!DOCTYPE hibernate-configuration PUBLIC
        "-//Hibernate/Hibernate Configuration DTD 3.0//EN"
        "http://hibernate.sourceforge.net/hibernate-configuration-3.0.dtd">

<hibernate-configuration>
    <session-factory> 
        <property name="hbm2ddl.auto">update</property>
        <property name="hibernate.connection.driver_class">com.microsoft.sqlserver.jdbc.SQLServerDriver</property>
        <property name="hibernate.connection.password">exterro-123</property>
        <property name="hibernate.connection.url">jdbc:sqlserver://localhost:1433;databaseName=MYFTR</property>
        <property name="hibernate.connection.username">sa</property>
        <property name="hibernate.dialect">org.hibernate.dialect.SQLServerDialect</property>
        <property name="hibernate.current_session_context_class">thread</property>
        <property name="hibernate.cache.use_second_level_cache">false</property>
        <property name="hibernate.cache.region.factory_class">org.hibernate.cache.ehcache.EhCacheRegionFactory</property>
        <property name="show_sql">true</property>
    </session-factory>
</hibernate-configuration>